iteration,model number,run directory,ref run,status,fitness,model,ofv,success,covariance,correlation,ntheta,nomega,nsigm,condition num,r penalty,python penalty,translation messages,runtime errors
1,35,/projects/qcp/QCP_MODELING/OTHER/autoPK/automatization_popPK/poppk/az_synthetic_data/ribo/8/5/n0/temp/1/35,,Done,15520.541053,01111010100010101,15419.321074174182,False,True,True,6,3,1,8.672548025164271,0,101.21997864083538,,
1,31,/projects/qcp/QCP_MODELING/OTHER/autoPK/automatization_popPK/poppk/az_synthetic_data/ribo/8/5/n0/temp/1/31,,Done,15307.516527,00101110022010001,15221.18758524791,False,True,True,7,3,1,4.975091697453641,0,86.32894147869918,,
1,38,/projects/qcp/QCP_MODELING/OTHER/autoPK/automatization_popPK/poppk/az_synthetic_data/ribo/8/5/n0/temp/1/38,,Done,15186.998809,00011000112000111,14979.464699172731,False,True,True,6,4,1,11.874482675243636,0,207.53410992489364,,
1,10,/projects/qcp/QCP_MODELING/OTHER/autoPK/automatization_popPK/poppk/az_synthetic_data/ribo/8/5/n0/temp/1/10,,Done,29565359.459441,01110101022101112,26765477.611515474,False,False,False,8,3,1,99999999,0,2799881.847925534,,
1,05,/projects/qcp/QCP_MODELING/OTHER/autoPK/automatization_popPK/poppk/az_synthetic_data/ribo/8/5/n0/temp/1/05,,Done,31996564.077193,00111101022111112,26730102.11636261,False,False,False,9,3,1,99999999,0,5266461.960830041,,
1,26,/projects/qcp/QCP_MODELING/OTHER/autoPK/automatization_popPK/poppk/az_synthetic_data/ribo/8/5/n0/temp/1/26,,Done,114258.377486,10001010122110001,14116.993449565525,False,False,False,11,6,1,99999999,0,100141.3840369202,,
1,04,/projects/qcp/QCP_MODELING/OTHER/autoPK/automatization_popPK/poppk/az_synthetic_data/ribo/8/5/n0/temp/1/04,,Done,32973164.028982,01100001112101112,25266241.24166568,False,False,False,9,5,1,99999999,0,7706922.787316443,,
1,11,/projects/qcp/QCP_MODELING/OTHER/autoPK/automatization_popPK/poppk/az_synthetic_data/ribo/8/5/n0/temp/1/11,,Done,31051.882264,00010011110001100,14920.876633203347,False,True,True,8,5,1,16.50927347311565,0,16131.00563060477,,
1,24,/projects/qcp/QCP_MODELING/OTHER/autoPK/automatization_popPK/poppk/az_synthetic_data/ribo/8/5/n0/temp/1/24,,Done,15087.655612,01010101110110100,14875.596755809618,False,True,True,9,5,1,8.099977246300313,0,212.05885598470408,,
1,34,/projects/qcp/QCP_MODELING/OTHER/autoPK/automatization_popPK/poppk/az_synthetic_data/ribo/8/5/n0/temp/1/34,,Done,23662.372776,01110111111011000,14896.48286264388,False,True,True,9,5,1,16.745142755570523,0,8765.889913637777,,
1,03,/projects/qcp/QCP_MODELING/OTHER/autoPK/automatization_popPK/poppk/az_synthetic_data/ribo/8/5/n0/temp/1/03,,Done,115063.155718,01011110101011010,14913.302196402714,False,True,True,7,3,1,5.722317021727459,0,100149.85352192164,,
1,12,/projects/qcp/QCP_MODELING/OTHER/autoPK/automatization_popPK/poppk/az_synthetic_data/ribo/8/5/n0/temp/1/12,,Done,29704424.192585,00111000001111112,28243871.745513767,False,False,False,8,3,1,99999999,0,1460552.447071487,,
1,18,/projects/qcp/QCP_MODELING/OTHER/autoPK/automatization_popPK/poppk/az_synthetic_data/ribo/8/5/n0/temp/1/18,,Done,14848.472555,10001111022101011,14651.71603250897,False,False,False,11,5,1,99999999,0,196.75652239002628,,
1,39,/projects/qcp/QCP_MODELING/OTHER/autoPK/automatization_popPK/poppk/az_synthetic_data/ribo/8/5/n0/temp/1/39,,Done,16186199.177243,10100101120000002,13447243.891798042,False,False,False,9,6,1,99999999,0,2738955.285445405,,
1,40,/projects/qcp/QCP_MODELING/OTHER/autoPK/automatization_popPK/poppk/az_synthetic_data/ribo/8/5/n0/temp/1/40,,Done,15515.341581,11110100000010110,15132.856367784854,False,True,True,10,5,1,13.549706626938047,0,382.4852129938968,,
1,01,/projects/qcp/QCP_MODELING/OTHER/autoPK/automatization_popPK/poppk/az_synthetic_data/ribo/8/5/n0/temp/1/01,,Done,42440.424868,10000110112010011,14164.90047575803,False,True,True,10,6,1,11.296502831046164,0,28275.52439261007,,
1,23,/projects/qcp/QCP_MODELING/OTHER/autoPK/automatization_popPK/poppk/az_synthetic_data/ribo/8/5/n0/temp/1/23,,Done,20479365.505609,10110010020011102,18099606.493793536,False,False,False,11,5,1,99999999,0,2379759.011815028,,
1,36,/projects/qcp/QCP_MODELING/OTHER/autoPK/automatization_popPK/poppk/az_synthetic_data/ribo/8/5/n0/temp/1/36,,Done,14291.128601,10001111122101100,14061.875713944444,False,False,False,12,6,1,99999999,0,229.25288715672525,,
1,07,/projects/qcp/QCP_MODELING/OTHER/autoPK/automatization_popPK/poppk/az_synthetic_data/ribo/8/5/n0/temp/1/07,,Done,14605.637845,20011100121100111,14115.495407459386,False,False,False,12,8,1,99999999,0,490.14243761904015,,
1,29,/projects/qcp/QCP_MODELING/OTHER/autoPK/automatization_popPK/poppk/az_synthetic_data/ribo/8/5/n0/temp/1/29,,Done,17151.059160,11110110020111010,14705.577025803426,False,False,False,12,5,1,99999999,0,2445.4821340427834,,
1,21,/projects/qcp/QCP_MODELING/OTHER/autoPK/automatization_popPK/poppk/az_synthetic_data/ribo/8/5/n0/temp/1/21,,Done,28912369.986250,01011101002111112,28103980.826397236,False,False,False,9,4,1,99999999,0,808389.1598531449,,
1,16,/projects/qcp/QCP_MODELING/OTHER/autoPK/automatization_popPK/poppk/az_synthetic_data/ribo/8/5/n0/temp/1/16,,Done,34356.626045,10111010001001000,14898.1299490857,False,False,False,8,5,1,99999999,0,19458.49609576035,,
1,13,/projects/qcp/QCP_MODELING/OTHER/autoPK/automatization_popPK/poppk/az_synthetic_data/ribo/8/5/n0/temp/1/13,,Done,14609.433859,10100100120001100,14271.358644106142,False,False,False,11,6,1,99999999,0,338.07521486047443,,
1,14,/projects/qcp/QCP_MODELING/OTHER/autoPK/automatization_popPK/poppk/az_synthetic_data/ribo/8/5/n0/temp/1/14,,Done,16306539.785144,10101110011010102,15360950.803431915,False,False,False,10,6,1,99999999,0,945588.9817118872,,
1,22,/projects/qcp/QCP_MODELING/OTHER/autoPK/automatization_popPK/poppk/az_synthetic_data/ribo/8/5/n0/temp/1/22,,Done,34081.394370,11011001013111010,14172.23117912035,False,False,False,13,7,1,99999999,0,19909.1631910156,,
1,02,/projects/qcp/QCP_MODELING/OTHER/autoPK/automatization_popPK/poppk/az_synthetic_data/ribo/8/5/n0/temp/1/02,,Done,29590735.740148,00111011003111002,28956674.238644745,False,False,False,9,4,1,99999999,0,634061.501503124,,
1,33,/projects/qcp/QCP_MODELING/OTHER/autoPK/automatization_popPK/poppk/az_synthetic_data/ribo/8/5/n0/temp/1/33,,Done,443438.960919,21001010100111010,15145.705305726176,False,False,False,12,7,1,99999999,0,428293.25561363506,,
1,37,/projects/qcp/QCP_MODELING/OTHER/autoPK/automatization_popPK/poppk/az_synthetic_data/ribo/8/5/n0/temp/1/37,,Done,232183.935685,20110000021011101,14823.568238509966,False,False,False,12,7,1,99999999,0,217360.36744622432,,
1,32,/projects/qcp/QCP_MODELING/OTHER/autoPK/automatization_popPK/poppk/az_synthetic_data/ribo/8/5/n0/temp/1/32,,Done,50322.461578,21010111120110100,14247.76716013786,False,False,False,13,8,1,99999999,0,36074.69441819165,,
1,06,/projects/qcp/QCP_MODELING/OTHER/autoPK/automatization_popPK/poppk/az_synthetic_data/ribo/8/5/n0/temp/1/06,,Done,18427050.813611,20110110121011112,14402711.03359929,False,False,False,13,8,1,99999999,0,4024339.780011535,,
1,30,/projects/qcp/QCP_MODELING/OTHER/autoPK/automatization_popPK/poppk/az_synthetic_data/ribo/8/5/n0/temp/1/30,,Done,21501092.302031,20100101020001102,17380102.436537705,False,False,False,11,7,1,99999999,0,4120989.8654929185,,
1,28,/projects/qcp/QCP_MODELING/OTHER/autoPK/automatization_popPK/poppk/az_synthetic_data/ribo/8/5/n0/temp/1/28,,Done,18179906.471670,21111101022111112,17512477.93624784,False,False,False,13,7,1,99999999,0,667428.5354219088,,
1,17,/projects/qcp/QCP_MODELING/OTHER/autoPK/automatization_popPK/poppk/az_synthetic_data/ribo/8/5/n0/temp/1/17,,Done,22500752.074974,20011100122101012,12500376.373481411,False,False,False,13,8,1,99999999,0,10000375.701492636,,
1,09,/projects/qcp/QCP_MODELING/OTHER/autoPK/automatization_popPK/poppk/az_synthetic_data/ribo/8/5/n0/temp/1/09,,Done,1081509.498265,10111111103110111,14603.59550839035,False,False,False,12,6,1,99999999,0,1066905.902756874,,
1,27,/projects/qcp/QCP_MODELING/OTHER/autoPK/automatization_popPK/poppk/az_synthetic_data/ribo/8/5/n0/temp/1/27,,Done,24975245.690956,20010000111000012,13974896.389996924,False,False,False,10,8,1,99999999,0,11000349.300958734,,
1,08,/projects/qcp/QCP_MODELING/OTHER/autoPK/automatization_popPK/poppk/az_synthetic_data/ribo/8/5/n0/temp/1/08,,Done,15458779.557341,20101000013010002,14149403.061957868,False,False,False,11,8,1,99999999,0,1309376.4953828934,,
1,19,/projects/qcp/QCP_MODELING/OTHER/autoPK/automatization_popPK/poppk/az_synthetic_data/ribo/8/5/n0/temp/1/19,,Done,695476.182047,21010001021011100,14737.225157028251,False,False,False,12,7,1,99999999,0,680738.9568898175,,
1,25,/projects/qcp/QCP_MODELING/OTHER/autoPK/automatization_popPK/poppk/az_synthetic_data/ribo/8/5/n0/temp/1/25,,Done,832603.130493,21101110101111000,14586.792639778969,False,False,False,12,7,1,99999999,0,818016.3378531251,,
1,20,/projects/qcp/QCP_MODELING/OTHER/autoPK/automatization_popPK/poppk/az_synthetic_data/ribo/8/5/n0/temp/1/20,,Done,1159756.366984,20110000103000001,16300.222880953132,False,False,False,9,7,1,99999999,0,1143456.144103335,,
1,15,/projects/qcp/QCP_MODELING/OTHER/autoPK/automatization_popPK/poppk/az_synthetic_data/ribo/8/5/n0/temp/1/15,,Done,2304119.238507,10110000003111010,16261.310842050567,False,False,False,11,5,1,99999999,0,2287857.9276652522,,
2,22,/projects/qcp/QCP_MODELING/OTHER/autoPK/automatization_popPK/poppk/az_synthetic_data/ribo/8/5/n0/temp/2/22,,Done,15293.554278,00101100022101101,15146.216513391792,False,False,False,8,3,1,99999999,0,147.33776460681852,,
2,25,/projects/qcp/QCP_MODELING/OTHER/autoPK/automatization_popPK/poppk/az_synthetic_data/ribo/8/5/n0/temp/2/25,,Done,15084.016813,01111110112101101,14942.604759538255,False,True,True,8,4,1,7.180044356220931,0,141.4120537977381,,
2,36,/projects/qcp/QCP_MODELING/OTHER/autoPK/automatization_popPK/poppk/az_synthetic_data/ribo/8/5/n0/temp/2/36,,Done,15061.863286,01111100122100110,14937.0197684091,False,True,True,8,4,1,4.85259593531763,0,124.84351734110646,,
2,16,/projects/qcp/QCP_MODELING/OTHER/autoPK/automatization_popPK/poppk/az_synthetic_data/ribo/8/5/n0/temp/2/16,,Done,15114.068926,01101100120101101,14951.472688882988,False,False,False,9,4,1,99999999,0,162.59623726848972,,
2,35,/projects/qcp/QCP_MODELING/OTHER/autoPK/automatization_popPK/poppk/az_synthetic_data/ribo/8/5/n0/temp/2/35,,Done,15185.643983,00101110122000110,15100.581567140274,False,True,True,7,4,1,6.303224344233568,0,85.06241576934072,,
2,24,/projects/qcp/QCP_MODELING/OTHER/autoPK/automatization_popPK/poppk/az_synthetic_data/ribo/8/5/n0/temp/2/24,,Done,15168.364098,00110110120100100,15067.487483924804,False,True,True,8,4,1,6.009490378932365,0,100.87661424526964,,
2,08,/projects/qcp/QCP_MODELING/OTHER/autoPK/automatization_popPK/poppk/az_synthetic_data/ribo/8/5/n0/temp/2/08,,Done,15289.496310,01101110120001101,15156.363356801508,False,False,False,8,4,1,99999999,0,133.13295355175774,,
2,03,/projects/qcp/QCP_MODELING/OTHER/autoPK/automatization_popPK/poppk/az_synthetic_data/ribo/8/5/n0/temp/2/03,,Done,15288.503029,00110110120101101,15137.052167030964,False,False,False,9,4,1,99999999,0,151.45086235850366,,
2,23,/projects/qcp/QCP_MODELING/OTHER/autoPK/automatization_popPK/poppk/az_synthetic_data/ribo/8/5/n0/temp/2/23,,Done,15348.404975,00110110022101101,15207.24378979033,False,False,False,8,3,1,99999999,0,141.16118555489706,,
2,10,/projects/qcp/QCP_MODELING/OTHER/autoPK/automatization_popPK/poppk/az_synthetic_data/ribo/8/5/n0/temp/2/10,,Done,15047.122334,01100111110101101,14890.714173126229,False,True,True,9,5,1,9.802475139704033,0,156.4081613645236,,
2,29,/projects/qcp/QCP_MODELING/OTHER/autoPK/automatization_popPK/poppk/az_synthetic_data/ribo/8/5/n0/temp/2/29,,Done,1338750.096197,01101100112100110,18244.70786756075,False,False,False,7,4,1,99999999,0,1320505.3883296333,,
2,01,/projects/qcp/QCP_MODELING/OTHER/autoPK/automatization_popPK/poppk/az_synthetic_data/ribo/8/5/n0/temp/2/01,,Done,21557.241053,00001100113101100,14942.506142391869,False,True,True,8,4,1,8.07459814665965,0,6614.734910597548,,
2,37,/projects/qcp/QCP_MODELING/OTHER/autoPK/automatization_popPK/poppk/az_synthetic_data/ribo/8/5/n0/temp/2/37,,Done,36346.788911,00101110110001100,14972.351101631191,False,True,True,7,4,1,9.957257202000473,0,21374.43780928288,,
2,19,/projects/qcp/QCP_MODELING/OTHER/autoPK/automatization_popPK/poppk/az_synthetic_data/ribo/8/5/n0/temp/2/19,,Done,15346.868077,01101110022101100,15183.699784860304,False,False,False,8,3,1,99999999,0,163.16829183091687,,
2,11,/projects/qcp/QCP_MODELING/OTHER/autoPK/automatization_popPK/poppk/az_synthetic_data/ribo/8/5/n0/temp/2/11,,Done,15137.991775,00110100120001110,14968.067452706084,False,False,False,8,4,1,99999999,0,169.92432189312575,,
2,14,/projects/qcp/QCP_MODELING/OTHER/autoPK/automatization_popPK/poppk/az_synthetic_data/ribo/8/5/n0/temp/2/14,,Done,15126.950756,01111101122101100,14937.632887783466,False,False,False,9,4,1,99999999,0,189.31786807387368,,
2,15,/projects/qcp/QCP_MODELING/OTHER/autoPK/automatization_popPK/poppk/az_synthetic_data/ribo/8/5/n0/temp/2/15,,Done,15230.688143,00111110122101110,15066.843120399773,False,False,False,9,4,1,99999999,0,163.84502234976625,,
2,33,/projects/qcp/QCP_MODELING/OTHER/autoPK/automatization_popPK/poppk/az_synthetic_data/ribo/8/5/n0/temp/2/33,,Done,15250.517489,01101110122001100,15100.778046828204,False,False,False,8,4,1,99999999,0,149.73944183616652,,
2,20,/projects/qcp/QCP_MODELING/OTHER/autoPK/automatization_popPK/poppk/az_synthetic_data/ribo/8/5/n0/temp/2/20,,Done,44403.180911,11110110020101101,15097.206488285194,False,False,False,11,5,1,99999999,0,29305.97442258915,,
2,02,/projects/qcp/QCP_MODELING/OTHER/autoPK/automatization_popPK/poppk/az_synthetic_data/ribo/8/5/n0/temp/2/02,,Done,14272.887273,10010110120101111,14048.615926691657,False,False,False,13,6,1,99999999,0,224.27134612901915,,
2,05,/projects/qcp/QCP_MODELING/OTHER/autoPK/automatization_popPK/poppk/az_synthetic_data/ribo/8/5/n0/temp/2/05,,Done,14483.568519,10110110120001101,14300.370739846097,False,False,False,11,6,1,99999999,0,183.1977794438033,,
2,30,/projects/qcp/QCP_MODELING/OTHER/autoPK/automatization_popPK/poppk/az_synthetic_data/ribo/8/5/n0/temp/2/30,,Done,14290.949087,10111110122100110,14128.253812022216,False,True,True,12,6,1,9.86544096211143,0,162.69527475677984,,
2,38,/projects/qcp/QCP_MODELING/OTHER/autoPK/automatization_popPK/poppk/az_synthetic_data/ribo/8/5/n0/temp/2/38,,Done,24739.894601,10111100122000100,14270.733523067081,False,True,True,10,6,1,102.4631115712422,0,10469.161078121275,,
2,09,/projects/qcp/QCP_MODELING/OTHER/autoPK/automatization_popPK/poppk/az_synthetic_data/ribo/8/5/n0/temp/2/09,,Done,14550.354261,10110100120101101,14272.81201410807,False,False,False,12,6,1,99999999,0,277.54224658419344,,
2,13,/projects/qcp/QCP_MODELING/OTHER/autoPK/automatization_popPK/poppk/az_synthetic_data/ribo/8/5/n0/temp/2/13,,Done,14416.010988,11101111122101111,14225.550218498909,False,False,False,13,6,1,99999999,0,190.4607692747815,,
2,21,/projects/qcp/QCP_MODELING/OTHER/autoPK/automatization_popPK/poppk/az_synthetic_data/ribo/8/5/n0/temp/2/21,,Done,14966.597845,10110110022101101,14770.03926991702,False,False,False,11,5,1,99999999,0,196.55857531925074,,
2,28,/projects/qcp/QCP_MODELING/OTHER/autoPK/automatization_popPK/poppk/az_synthetic_data/ribo/8/5/n0/temp/2/28,,Done,14492.805198,11111100122100100,14338.074869112881,False,True,True,11,6,1,11.0033139122208,0,154.73032912198136,,
2,18,/projects/qcp/QCP_MODELING/OTHER/autoPK/automatization_popPK/poppk/az_synthetic_data/ribo/8/5/n0/temp/2/18,,Done,14953.145421,10111110022101100,14736.667826226907,False,False,False,11,5,1,99999999,0,216.47759525143505,,
2,06,/projects/qcp/QCP_MODELING/OTHER/autoPK/automatization_popPK/poppk/az_synthetic_data/ribo/8/5/n0/temp/2/06,,Done,1075016.912456,10111100110101101,14468.191140215491,False,False,False,11,6,1,99999999,0,1060548.7213155152,,
2,12,/projects/qcp/QCP_MODELING/OTHER/autoPK/automatization_popPK/poppk/az_synthetic_data/ribo/8/5/n0/temp/2/12,,Done,14581.248402,11110101120101100,14362.46306741265,False,False,False,12,6,1,99999999,0,218.785334207108,,
2,17,/projects/qcp/QCP_MODELING/OTHER/autoPK/automatization_popPK/poppk/az_synthetic_data/ribo/8/5/n0/temp/2/17,,Done,14355.721151,10110110122101110,14128.363358657049,False,False,False,13,6,1,99999999,0,227.35779270018546,,
2,32,/projects/qcp/QCP_MODELING/OTHER/autoPK/automatization_popPK/poppk/az_synthetic_data/ribo/8/5/n0/temp/2/32,,Done,14420.501166,11111110120101110,14205.905952713661,False,False,False,13,6,1,99999999,0,214.59521345252756,,
2,04,/projects/qcp/QCP_MODELING/OTHER/autoPK/automatization_popPK/poppk/az_synthetic_data/ribo/8/5/n0/temp/2/04,,Done,14466.975519,10111110120101100,14242.883499616162,False,False,False,12,6,1,99999999,0,224.0920193611808,,
2,07,/projects/qcp/QCP_MODELING/OTHER/autoPK/automatization_popPK/poppk/az_synthetic_data/ribo/8/5/n0/temp/2/07,,Done,14556.257853,11111110120101100,14348.063625508397,False,False,False,12,6,1,99999999,0,208.19422726758148,,
2,31,/projects/qcp/QCP_MODELING/OTHER/autoPK/automatization_popPK/poppk/az_synthetic_data/ribo/8/5/n0/temp/2/31,,Done,32467.467064,10101100112000110,14194.4503818033,False,True,True,10,6,1,9.46233074502519,0,18273.016682124184,,
2,34,/projects/qcp/QCP_MODELING/OTHER/autoPK/automatization_popPK/poppk/az_synthetic_data/ribo/8/5/n0/temp/2/34,,Done,14543.551319,11101110112000110,14255.41574459645,False,True,True,10,6,1,13.649414842940969,0,288.1355739875795,,
2,27,/projects/qcp/QCP_MODELING/OTHER/autoPK/automatization_popPK/poppk/az_synthetic_data/ribo/8/5/n0/temp/2/27,,Done,544496.445469,10101110110101100,14392.897052098791,False,True,True,11,6,1,31.706169350548254,0,530103.548416785,,
2,40,/projects/qcp/QCP_MODELING/OTHER/autoPK/automatization_popPK/poppk/az_synthetic_data/ribo/8/5/n0/temp/2/40,,Done,19500.150442,11101100112101110,14223.47733979073,False,True,True,12,6,1,14.522670431714554,0,5276.673101722557,,
2,26,/projects/qcp/QCP_MODELING/OTHER/autoPK/automatization_popPK/poppk/az_synthetic_data/ribo/8/5/n0/temp/2/26,,Done,14677.234212,11101110110101100,14355.987705006588,False,True,True,11,6,1,13.194057520670997,0,321.2465072180146,,
2,39,/projects/qcp/QCP_MODELING/OTHER/autoPK/automatization_popPK/poppk/az_synthetic_data/ribo/8/5/n0/temp/2/39,,Done,14698.524608,11101110112100100,14364.877769338646,False,True,True,10,6,1,16.31268066368398,0,333.64683833754924,,
3,11,/projects/qcp/QCP_MODELING/OTHER/autoPK/automatization_popPK/poppk/az_synthetic_data/ribo/8/5/n0/temp/3/11,,Done,15048.583073,01101100122100101,14951.515990813961,False,True,True,8,4,1,4.833944272249723,0,97.06708261617901,,
3,03,/projects/qcp/QCP_MODELING/OTHER/autoPK/automatization_popPK/poppk/az_synthetic_data/ribo/8/5/n0/temp/3/03,,Done,15234.181898,00100111122000111,15164.181897553142,False,True,True,7,4,1,4.298048331988119,0,70.0,,
3,09,/projects/qcp/QCP_MODELING/OTHER/autoPK/automatization_popPK/poppk/az_synthetic_data/ribo/8/5/n0/temp/3/09,,Done,15060.864330,00111101122000111,14980.86432962854,False,True,True,7,4,1,2.709475834514084,0,80.0,,
3,01,/projects/qcp/QCP_MODELING/OTHER/autoPK/automatization_popPK/poppk/az_synthetic_data/ribo/8/5/n0/temp/3/01,,Done,15221.641122,00100111122100101,15133.96176431857,False,True,True,8,4,1,4.915992996805276,0,87.67935750003909,,
3,08,/projects/qcp/QCP_MODELING/OTHER/autoPK/automatization_popPK/poppk/az_synthetic_data/ribo/8/5/n0/temp/3/08,,Done,15074.391719,01110101120000110,14967.569833327052,False,True,True,7,4,1,2.7376530301812756,0,106.82188575548572,,
3,33,/projects/qcp/QCP_MODELING/OTHER/autoPK/automatization_popPK/poppk/az_synthetic_data/ribo/8/5/n0/temp/3/33,,Done,14408.309208,10100111120100101,14272.932702453232,False,True,True,11,6,1,5.861799092623402,0,135.37650592677485,,
3,21,/projects/qcp/QCP_MODELING/OTHER/autoPK/automatization_popPK/poppk/az_synthetic_data/ribo/8/5/n0/temp/3/21,,Done,14310.747615,10100111122100011,14182.65971139046,False,True,True,11,6,1,9.110282777920778,0,128.0879039606203,,
3,34,/projects/qcp/QCP_MODELING/OTHER/autoPK/automatization_popPK/poppk/az_synthetic_data/ribo/8/5/n0/temp/3/34,,Done,14585.210247,11110101120100001,14466.20701105664,False,True,True,10,6,1,6.328160383269164,0,119.00323599975063,,
3,28,/projects/qcp/QCP_MODELING/OTHER/autoPK/automatization_popPK/poppk/az_synthetic_data/ribo/8/5/n0/temp/3/28,,Done,14328.331159,10100101122100011,14181.35766213335,False,True,True,11,6,1,8.930257327597548,0,146.97349681171048,,
3,15,/projects/qcp/QCP_MODELING/OTHER/autoPK/automatization_popPK/poppk/az_synthetic_data/ribo/8/5/n0/temp/3/15,,Done,14291.372614,10110111122100111,14147.725382894261,False,True,True,12,6,1,9.772193253432595,0,143.64723110915213,,
3,24,/projects/qcp/QCP_MODELING/OTHER/autoPK/automatization_popPK/poppk/az_synthetic_data/ribo/8/5/n0/temp/3/24,,Done,14422.765792,10101111120100001,14303.931033488278,False,True,True,10,6,1,5.388588346602791,0,118.83475802033617,,
3,25,/projects/qcp/QCP_MODELING/OTHER/autoPK/automatization_popPK/poppk/az_synthetic_data/ribo/8/5/n0/temp/3/25,,Done,14467.251332,11101111120100011,14349.882695455912,False,True,True,11,6,1,6.368082325159483,0,117.36863664184062,,
3,27,/projects/qcp/QCP_MODELING/OTHER/autoPK/automatization_popPK/poppk/az_synthetic_data/ribo/8/5/n0/temp/3/27,,Done,14581.934187,11100111122100001,14473.402711288263,False,True,True,10,6,1,5.658403152586215,0,108.53147538645136,,
3,20,/projects/qcp/QCP_MODELING/OTHER/autoPK/automatization_popPK/poppk/az_synthetic_data/ribo/8/5/n0/temp/3/20,,Done,14471.056871,11101100122100011,14343.367641376075,False,True,True,11,6,1,6.062692767281942,0,127.6892293353686,,
3,31,/projects/qcp/QCP_MODELING/OTHER/autoPK/automatization_popPK/poppk/az_synthetic_data/ribo/8/5/n0/temp/3/31,,Done,14533.654072,10110101120100101,14272.960434151662,False,True,True,11,6,1,13.246715612297402,0,260.69363811130984,,
3,23,/projects/qcp/QCP_MODELING/OTHER/autoPK/automatization_popPK/poppk/az_synthetic_data/ribo/8/5/n0/temp/3/23,,Done,20534.995832,10101101120100001,14303.876862723351,False,False,False,10,6,1,99999999,0,6231.118969600546,,
3,29,/projects/qcp/QCP_MODELING/OTHER/autoPK/automatization_popPK/poppk/az_synthetic_data/ribo/8/5/n0/temp/3/29,,Done,14357.526093,11111101120100111,14219.030923183258,False,True,True,12,6,1,8.830134676465413,0,138.49516935620022,,
3,13,/projects/qcp/QCP_MODELING/OTHER/autoPK/automatization_popPK/poppk/az_synthetic_data/ribo/8/5/n0/temp/3/13,,Done,14500.617380,11111101122100101,14369.294939318801,False,True,True,11,6,1,8.940096867539713,0,131.32244087094617,,
3,22,/projects/qcp/QCP_MODELING/OTHER/autoPK/automatization_popPK/poppk/az_synthetic_data/ribo/8/5/n0/temp/3/22,,Done,14376.572869,10110110122101011,14183.548762227883,False,False,False,12,6,1,99999999,0,193.02410711620334,,
3,19,/projects/qcp/QCP_MODELING/OTHER/autoPK/automatization_popPK/poppk/az_synthetic_data/ribo/8/5/n0/temp/3/19,,Done,14487.451539,10111110120101001,14303.822547977683,False,False,False,11,6,1,99999999,0,183.62899094022575,,
3,16,/projects/qcp/QCP_MODELING/OTHER/autoPK/automatization_popPK/poppk/az_synthetic_data/ribo/8/5/n0/temp/3/16,,Done,14375.298874,10101100120100010,14162.50477542463,False,True,True,11,6,1,12.250543898691369,0,212.79409815728368,,
3,12,/projects/qcp/QCP_MODELING/OTHER/autoPK/automatization_popPK/poppk/az_synthetic_data/ribo/8/5/n0/temp/3/12,,Done,19637.166102,10110100122100100,14242.634335024464,False,False,False,11,6,1,99999999,0,5394.531767204272,,
3,35,/projects/qcp/QCP_MODELING/OTHER/autoPK/automatization_popPK/poppk/az_synthetic_data/ribo/8/5/n0/temp/3/35,,Done,14440.027955,11111111120100010,14305.011262045,False,True,True,11,6,1,6.2329080366853455,0,135.01669270874194,,
3,02,/projects/qcp/QCP_MODELING/OTHER/autoPK/automatization_popPK/poppk/az_synthetic_data/ribo/8/5/n0/temp/3/02,,Done,14357.111381,10110110122101111,14147.964483683058,False,False,False,13,6,1,99999999,0,209.1468968923744,,
3,26,/projects/qcp/QCP_MODELING/OTHER/autoPK/automatization_popPK/poppk/az_synthetic_data/ribo/8/5/n0/temp/3/26,,Done,14355.385659,11100111122100110,14205.918050580241,False,True,True,12,6,1,8.418782397406526,0,149.46760800040306,,
3,38,/projects/qcp/QCP_MODELING/OTHER/autoPK/automatization_popPK/poppk/az_synthetic_data/ribo/8/5/n0/temp/3/38,,Done,14310.685550,10110111122100010,14163.476267144928,False,True,True,11,6,1,9.04741968533043,0,147.20928332591265,,
3,14,/projects/qcp/QCP_MODELING/OTHER/autoPK/automatization_popPK/poppk/az_synthetic_data/ribo/8/5/n0/temp/3/14,,Done,14307.124958,10101101122100110,14126.591307496981,False,True,True,12,6,1,9.590365252101245,0,180.5336509596292,,
3,10,/projects/qcp/QCP_MODELING/OTHER/autoPK/automatization_popPK/poppk/az_synthetic_data/ribo/8/5/n0/temp/3/10,,Done,14367.903651,10101100122101111,14145.977308249754,False,False,False,13,6,1,99999999,0,221.92634272081455,,
3,32,/projects/qcp/QCP_MODELING/OTHER/autoPK/automatization_popPK/poppk/az_synthetic_data/ribo/8/5/n0/temp/3/32,,Done,14358.506320,11101100120100110,14198.825481963848,False,True,True,12,6,1,8.069925049216653,0,159.68083792834545,,
3,06,/projects/qcp/QCP_MODELING/OTHER/autoPK/automatization_popPK/poppk/az_synthetic_data/ribo/8/5/n0/temp/3/06,,Done,14473.703665,10110110120101101,14273.069701711727,False,False,False,12,6,1,99999999,0,200.63396359350514,,
3,40,/projects/qcp/QCP_MODELING/OTHER/autoPK/automatization_popPK/poppk/az_synthetic_data/ribo/8/5/n0/temp/3/40,,Done,14529.515367,11101110120101011,14349.698759202909,False,False,False,12,6,1,99999999,0,179.81660826627208,,
3,36,/projects/qcp/QCP_MODELING/OTHER/autoPK/automatization_popPK/poppk/az_synthetic_data/ribo/8/5/n0/temp/3/36,,Done,14492.316935,11111111120100100,14348.339078940677,False,True,True,11,6,1,9.438875455799785,0,143.97785616307164,,
3,30,/projects/qcp/QCP_MODELING/OTHER/autoPK/automatization_popPK/poppk/az_synthetic_data/ribo/8/5/n0/temp/3/30,,Done,14400.173667,10111111120100100,14242.368251737524,False,True,True,11,6,1,5.967412360933448,0,157.80541529257405,,
3,05,/projects/qcp/QCP_MODELING/OTHER/autoPK/automatization_popPK/poppk/az_synthetic_data/ribo/8/5/n0/temp/3/05,,Done,14422.559504,11111101120101111,14219.186408706319,False,False,False,13,6,1,99999999,0,203.37309522745701,,
3,39,/projects/qcp/QCP_MODELING/OTHER/autoPK/automatization_popPK/poppk/az_synthetic_data/ribo/8/5/n0/temp/3/39,,Done,14609.044045,11110100120101000,14394.362215895722,False,False,False,11,6,1,99999999,0,214.68182873864032,,
3,04,/projects/qcp/QCP_MODELING/OTHER/autoPK/automatization_popPK/poppk/az_synthetic_data/ribo/8/5/n0/temp/3/04,,Done,14431.928920,10111100122101010,14162.361803521082,False,False,False,12,6,1,99999999,0,269.5671162456274,,
3,18,/projects/qcp/QCP_MODELING/OTHER/autoPK/automatization_popPK/poppk/az_synthetic_data/ribo/8/5/n0/temp/3/18,,Done,14375.804168,10101111122101010,14163.314218207131,False,False,False,12,6,1,99999999,0,212.48995019535357,,
3,37,/projects/qcp/QCP_MODELING/OTHER/autoPK/automatization_popPK/poppk/az_synthetic_data/ribo/8/5/n0/temp/3/37,,Done,14400.995173,10100100122101110,14126.464047665548,False,False,False,13,6,1,99999999,0,274.5311256352478,,
3,17,/projects/qcp/QCP_MODELING/OTHER/autoPK/automatization_popPK/poppk/az_synthetic_data/ribo/8/5/n0/temp/3/17,,Done,14506.930351,11111110122101010,14304.693878307997,False,False,False,12,6,1,99999999,0,202.23647261487326,,
3,07,/projects/qcp/QCP_MODELING/OTHER/autoPK/automatization_popPK/poppk/az_synthetic_data/ribo/8/5/n0/temp/3/07,,Done,14555.776594,10110100122101100,14242.523574091374,False,False,False,12,6,1,99999999,0,313.2530195611416,,
4,35,/projects/qcp/QCP_MODELING/OTHER/autoPK/automatization_popPK/poppk/az_synthetic_data/ribo/8/5/n0/temp/4/35,,Done,15063.241852,01100110012000111,14980.226836628179,False,True,True,6,4,1,4.836464446463343,0,83.01501553246112,,
4,32,/projects/qcp/QCP_MODELING/OTHER/autoPK/automatization_popPK/poppk/az_synthetic_data/ribo/8/5/n0/temp/4/32,,Done,15061.200981,01100110012010101,14957.540421888458,False,True,True,7,4,1,6.168150862078431,0,103.66055943418696,,
4,16,/projects/qcp/QCP_MODELING/OTHER/autoPK/automatization_popPK/poppk/az_synthetic_data/ribo/8/5/n0/temp/4/16,,Done,15124.203198,00111101120001111,14981.070244171204,False,False,False,8,4,1,99999999,0,143.13295355175774,,
4,34,/projects/qcp/QCP_MODELING/OTHER/autoPK/automatization_popPK/poppk/az_synthetic_data/ribo/8/5/n0/temp/4/34,,Done,283291.650706,01101010112010101,14960.18281554717,False,False,False,7,4,1,99999999,0,268331.4678907721,,
4,38,/projects/qcp/QCP_MODELING/OTHER/autoPK/automatization_popPK/poppk/az_synthetic_data/ribo/8/5/n0/temp/4/38,,Done,21127.059529,01111011112011111,14901.055034839685,False,True,True,9,5,1,16.19180123153453,0,6226.004494487083,,
4,31,/projects/qcp/QCP_MODELING/OTHER/autoPK/automatization_popPK/poppk/az_synthetic_data/ribo/8/5/n0/temp/4/31,,Done,56858.615329,01101010012000100,14979.59233122532,False,False,False,6,4,1,99999999,0,41879.022997649874,,
4,29,/projects/qcp/QCP_MODELING/OTHER/autoPK/automatization_popPK/poppk/az_synthetic_data/ribo/8/5/n0/temp/4/29,,Done,25534.040256,01101011012000100,14931.664561614636,False,True,True,7,5,1,13.59068611878798,0,10602.375694398517,,
4,26,/projects/qcp/QCP_MODELING/OTHER/autoPK/automatization_popPK/poppk/az_synthetic_data/ribo/8/5/n0/temp/4/26,,Done,14315.994858,10101101122000111,14173.5520121383,False,True,True,11,6,1,9.290346336964795,0,142.44284628690468,,
4,17,/projects/qcp/QCP_MODELING/OTHER/autoPK/automatization_popPK/poppk/az_synthetic_data/ribo/8/5/n0/temp/4/17,,Done,17861.456515,01011111012001100,14923.027348215295,False,False,False,8,5,1,99999999,0,2938.4291671434567,,
4,25,/projects/qcp/QCP_MODELING/OTHER/autoPK/automatization_popPK/poppk/az_synthetic_data/ribo/8/5/n0/temp/4/25,,Done,14478.717415,11100111120000011,14378.717414528317,False,True,True,10,6,1,6.227259678895442,0,100.0,,
4,18,/projects/qcp/QCP_MODELING/OTHER/autoPK/automatization_popPK/poppk/az_synthetic_data/ribo/8/5/n0/temp/4/18,,Done,15098.045919,01001111012000100,14928.894254427001,False,True,True,7,5,1,8.65370506172792,0,169.15166498039002,,
4,03,/projects/qcp/QCP_MODELING/OTHER/autoPK/automatization_popPK/poppk/az_synthetic_data/ribo/8/5/n0/temp/4/03,,Done,14496.385684,11111111120100101,14376.745027519351,False,True,True,11,6,1,8.709294496700991,0,119.64065613359601,,
4,14,/projects/qcp/QCP_MODELING/OTHER/autoPK/automatization_popPK/poppk/az_synthetic_data/ribo/8/5/n0/temp/4/14,,Done,14366.887662,11100100122000111,14246.116818790962,False,True,True,11,6,1,8.482253503020788,0,120.77084364763539,,
4,20,/projects/qcp/QCP_MODELING/OTHER/autoPK/automatization_popPK/poppk/az_synthetic_data/ribo/8/5/n0/temp/4/20,,Done,14482.910880,11111101122000011,14372.37804128785,False,True,True,10,6,1,6.140903501588353,0,110.53283876133459,,
4,30,/projects/qcp/QCP_MODELING/OTHER/autoPK/automatization_popPK/poppk/az_synthetic_data/ribo/8/5/n0/temp/4/30,,Done,14544.282320,11101100122100000,14393.559631289592,False,False,False,10,6,1,99999999,0,150.7226891179292,,
4,39,/projects/qcp/QCP_MODELING/OTHER/autoPK/automatization_popPK/poppk/az_synthetic_data/ribo/8/5/n0/temp/4/39,,Done,14666.578116,11100100122001001,14493.683055366786,False,False,False,10,6,1,99999999,0,172.89506016055438,,
4,23,/projects/qcp/QCP_MODELING/OTHER/autoPK/automatization_popPK/poppk/az_synthetic_data/ribo/8/5/n0/temp/4/23,,Done,14325.844483,10111111120000010,14192.483475841284,False,True,True,10,6,1,12.652672061314608,0,133.36100699482316,,
4,24,/projects/qcp/QCP_MODELING/OTHER/autoPK/automatization_popPK/poppk/az_synthetic_data/ribo/8/5/n0/temp/4/24,,Done,14369.526214,10100100120000010,14191.23619726315,False,True,True,10,6,1,17.41870286827215,0,178.29001675548673,,
4,08,/projects/qcp/QCP_MODELING/OTHER/autoPK/automatization_popPK/poppk/az_synthetic_data/ribo/8/5/n0/temp/4/08,,Done,14418.979843,10110111122100000,14276.1376289848,False,True,True,10,6,1,5.609174163809013,0,142.84221449933204,,
4,11,/projects/qcp/QCP_MODELING/OTHER/autoPK/automatization_popPK/poppk/az_synthetic_data/ribo/8/5/n0/temp/4/11,,Done,14406.555596,10110100120001011,14210.451811667068,False,False,False,11,6,1,99999999,0,196.10378398470243,,
4,06,/projects/qcp/QCP_MODELING/OTHER/autoPK/automatization_popPK/poppk/az_synthetic_data/ribo/8/5/n0/temp/4/06,,Done,14523.469675,11111111121100000,14406.010175161087,False,True,True,10,6,1,5.542328986724159,0,117.45949986423597,,
4,10,/projects/qcp/QCP_MODELING/OTHER/autoPK/automatization_popPK/poppk/az_synthetic_data/ribo/8/5/n0/temp/4/10,,Done,14456.698880,11111100120000010,14326.507692171457,False,True,True,10,6,1,5.798226780494301,0,130.1911880155774,,
4,02,/projects/qcp/QCP_MODELING/OTHER/autoPK/automatization_popPK/poppk/az_synthetic_data/ribo/8/5/n0/temp/4/02,,Done,14555.740526,11101101121101011,14364.69689239313,False,False,False,12,6,1,99999999,0,191.04363382232228,,
4,12,/projects/qcp/QCP_MODELING/OTHER/autoPK/automatization_popPK/poppk/az_synthetic_data/ribo/8/5/n0/temp/4/12,,Done,14381.341533,10110100120001111,14173.638394033902,False,False,False,12,6,1,99999999,0,207.70313927844848,,
4,13,/projects/qcp/QCP_MODELING/OTHER/autoPK/automatization_popPK/poppk/az_synthetic_data/ribo/8/5/n0/temp/4/13,,Done,14368.957236,11100101120000110,14227.014258312438,False,True,True,11,6,1,8.087175768461073,0,141.94297768979237,,
4,40,/projects/qcp/QCP_MODELING/OTHER/autoPK/automatization_popPK/poppk/az_synthetic_data/ribo/8/5/n0/temp/4/40,,Done,14656.157051,11110110120001001,14500.24772553779,False,False,False,10,6,1,99999999,0,155.9093256509016,,
4,04,/projects/qcp/QCP_MODELING/OTHER/autoPK/automatization_popPK/poppk/az_synthetic_data/ribo/8/5/n0/temp/4/04,,Done,14644.762704,11101111121101001,14473.230248018086,False,False,False,11,6,1,99999999,0,171.53245612286423,,
4,15,/projects/qcp/QCP_MODELING/OTHER/autoPK/automatization_popPK/poppk/az_synthetic_data/ribo/8/5/n0/temp/4/15,,Done,14548.869598,11111101122001011,14372.790901789,False,False,False,11,6,1,99999999,0,176.0786960838118,,
4,21,/projects/qcp/QCP_MODELING/OTHER/autoPK/automatization_popPK/poppk/az_synthetic_data/ribo/8/5/n0/temp/4/21,,Done,14431.181682,11111101120001111,14246.43157716985,False,False,False,12,6,1,99999999,0,184.7501044727348,,
4,07,/projects/qcp/QCP_MODELING/OTHER/autoPK/automatization_popPK/poppk/az_synthetic_data/ribo/8/5/n0/temp/4/07,,Done,14559.994770,11110111120101101,14376.3804258695,False,False,False,12,6,1,99999999,0,183.61434409553584,,
4,37,/projects/qcp/QCP_MODELING/OTHER/autoPK/automatization_popPK/poppk/az_synthetic_data/ribo/8/5/n0/temp/4/37,,Done,14640.957476,11111011012000101,14341.26508142291,False,False,False,10,7,1,99999999,0,299.69239447919796,,
4,01,/projects/qcp/QCP_MODELING/OTHER/autoPK/automatization_popPK/poppk/az_synthetic_data/ribo/8/5/n0/temp/4/01,,Done,14588.063544,11110111120101000,14406.011590105458,False,False,False,11,6,1,99999999,0,182.05195398336582,,
4,09,/projects/qcp/QCP_MODELING/OTHER/autoPK/automatization_popPK/poppk/az_synthetic_data/ribo/8/5/n0/temp/4/09,,Done,14481.013017,10100111122101000,14276.045332654992,False,False,False,11,6,1,99999999,0,204.96768459801285,,
4,33,/projects/qcp/QCP_MODELING/OTHER/autoPK/automatization_popPK/poppk/az_synthetic_data/ribo/8/5/n0/temp/4/33,,Done,14432.561935,11110101122001110,14227.359982350641,False,False,False,12,6,1,99999999,0,205.20195311257072,,
4,28,/projects/qcp/QCP_MODELING/OTHER/autoPK/automatization_popPK/poppk/az_synthetic_data/ribo/8/5/n0/temp/4/28,,Done,14507.816428,11111101122101010,14295.56086796857,False,False,False,12,6,1,99999999,0,212.2555602613256,,
4,05,/projects/qcp/QCP_MODELING/OTHER/autoPK/automatization_popPK/poppk/az_synthetic_data/ribo/8/5/n0/temp/4/05,,Done,14423.274086,11110101121101110,14199.01562775365,False,False,False,13,6,1,99999999,0,224.25845856092263,,
4,36,/projects/qcp/QCP_MODELING/OTHER/autoPK/automatization_popPK/poppk/az_synthetic_data/ribo/8/5/n0/temp/4/36,,Done,14569.919054,11110101120001100,14367.971927857621,False,False,False,11,6,1,99999999,0,201.94712622873965,,
4,27,/projects/qcp/QCP_MODELING/OTHER/autoPK/automatization_popPK/poppk/az_synthetic_data/ribo/8/5/n0/temp/4/27,,Done,65483.412205,11001111012001100,14131.517289226726,False,True,True,11,7,1,36.41806612000244,0,51351.89491621263,,
4,22,/projects/qcp/QCP_MODELING/OTHER/autoPK/automatization_popPK/poppk/az_synthetic_data/ribo/8/5/n0/temp/4/22,,Done,14682.708706,11101111012000100,14489.88739429888,False,False,False,10,7,1,99999999,0,192.82131121600602,,
4,19,/projects/qcp/QCP_MODELING/OTHER/autoPK/automatization_popPK/poppk/az_synthetic_data/ribo/8/5/n0/temp/4/19,,Done,53385.522924,11011111012000100,14129.559697440549,False,False,False,10,7,1,99999999,0,39255.96322655581,,
FND01,05,/projects/qcp/QCP_MODELING/OTHER/autoPK/automatization_popPK/poppk/az_synthetic_data/ribo/8/5/n0/temp/FND01/05,,Done,51483.773808,10010110100101111,15116.511565986539,False,True,True,11,5,1,19.117878351955675,0,36367.26224156259,,
FND01,14,/projects/qcp/QCP_MODELING/OTHER/autoPK/automatization_popPK/poppk/az_synthetic_data/ribo/8/5/n0/temp/FND01/14,,Done,14732.088348,10001101122000111,14076.729257353345,False,True,True,11,6,1,6.5950268805128855,0,655.359091004483,,
FND01,08,/projects/qcp/QCP_MODELING/OTHER/autoPK/automatization_popPK/poppk/az_synthetic_data/ribo/8/5/n0/temp/FND01/08,,Done,14207.702792,10010110120100111,14048.449202471835,False,True,True,12,6,1,6.057752717794988,0,159.25358913554282,,
FND01,15,/projects/qcp/QCP_MODELING/OTHER/autoPK/automatization_popPK/poppk/az_synthetic_data/ribo/8/5/n0/temp/FND01/15,,Done,14301.907420,10101111122000111,14175.900535794188,False,True,True,11,6,1,9.713711175757393,0,126.00688390352379,,
FND01,18,/projects/qcp/QCP_MODELING/OTHER/autoPK/automatization_popPK/poppk/az_synthetic_data/ribo/8/5/n0/temp/FND01/18,,Done,14314.790225,10101101122100111,14145.903010262835,False,True,True,12,6,1,9.602398311106182,0,168.8872145605728,,
FND01,16,/projects/qcp/QCP_MODELING/OTHER/autoPK/automatization_popPK/poppk/az_synthetic_data/ribo/8/5/n0/temp/FND01/16,,Done,18380.138008,10101101022000111,14684.659931243292,False,True,True,10,5,1,10.090475499769893,0,3695.478076260045,,
FND01,20,/projects/qcp/QCP_MODELING/OTHER/autoPK/automatization_popPK/poppk/az_synthetic_data/ribo/8/5/n0/temp/FND01/20,,Done,14346.503878,10101101122000011,14210.004467069239,False,True,True,10,6,1,11.87195397311714,0,136.49941102671832,,
FND01,21,/projects/qcp/QCP_MODELING/OTHER/autoPK/automatization_popPK/poppk/az_synthetic_data/ribo/8/5/n0/temp/FND01/21,,Done,16606.185368,10101101122000101,14300.354947407257,False,False,False,10,6,1,99999999,0,2305.8304201025476,,
FND01,19,/projects/qcp/QCP_MODELING/OTHER/autoPK/automatization_popPK/poppk/az_synthetic_data/ribo/8/5/n0/temp/FND01/19,,Done,62176.349713,10101101122010111,14174.237133330736,False,True,True,12,6,1,9.469304870065827,0,48002.112579284905,,
FND01,03,/projects/qcp/QCP_MODELING/OTHER/autoPK/automatization_popPK/poppk/az_synthetic_data/ribo/8/5/n0/temp/FND01/03,,Done,14438.854564,10010100120101111,14048.361740790251,False,False,False,13,6,1,99999999,0,390.49282358756466,,
FND01,04,/projects/qcp/QCP_MODELING/OTHER/autoPK/automatization_popPK/poppk/az_synthetic_data/ribo/8/5/n0/temp/FND01/04,,Done,14845.769575,10010110020101111,14629.151860981765,False,False,False,12,5,1,99999999,0,216.61771414266005,,
FND01,10,/projects/qcp/QCP_MODELING/OTHER/autoPK/automatization_popPK/poppk/az_synthetic_data/ribo/8/5/n0/temp/FND01/10,,Done,14295.323776,10010110120101101,14085.61240155637,False,False,False,12,6,1,99999999,0,209.71137407514567,,
FND01,09,/projects/qcp/QCP_MODELING/OTHER/autoPK/automatization_popPK/poppk/az_synthetic_data/ribo/8/5/n0/temp/FND01/09,,Done,14287.538597,10010110120101011,14079.530133164923,False,False,False,12,6,1,99999999,0,208.0084641393671,,
FND01,07,/projects/qcp/QCP_MODELING/OTHER/autoPK/automatization_popPK/poppk/az_synthetic_data/ribo/8/5/n0/temp/FND01/07,,Done,67785.605886,10010110120111111,14048.553925311184,False,False,False,14,6,1,99999999,0,53737.05196039989,,
FND01,06,/projects/qcp/QCP_MODELING/OTHER/autoPK/automatization_popPK/poppk/az_synthetic_data/ribo/8/5/n0/temp/FND01/06,,Done,14283.919064,10010110120001111,14076.622020161121,False,False,False,12,6,1,99999999,0,207.29704400263464,,
FND01,22,/projects/qcp/QCP_MODELING/OTHER/autoPK/automatization_popPK/poppk/az_synthetic_data/ribo/8/5/n0/temp/FND01/22,,Done,15573365.276104,10101101122000112,13342682.551025422,False,False,False,11,6,1,99999999,0,2230682.725078741,,
FND01,23,/projects/qcp/QCP_MODELING/OTHER/autoPK/automatization_popPK/poppk/az_synthetic_data/ribo/8/5/n0/temp/FND01/23,,Done,14330.694983,10101101122000110,14154.669158597391,False,True,True,11,6,1,9.677544905998001,0,176.0258239226601,,
FND01,02,/projects/qcp/QCP_MODELING/OTHER/autoPK/automatization_popPK/poppk/az_synthetic_data/ribo/8/5/n0/temp/FND01/02,,Done,14352.325764,11010110120101111,14144.722882352511,False,False,False,13,6,1,99999999,0,207.60288191155198,,
FND01,11,/projects/qcp/QCP_MODELING/OTHER/autoPK/automatization_popPK/poppk/az_synthetic_data/ribo/8/5/n0/temp/FND01/11,,Done,20335134.573701,10010110120101112,18992459.865625963,False,False,False,13,6,1,99999999,0,1342674.708075514,,
FND01,12,/projects/qcp/QCP_MODELING/OTHER/autoPK/automatization_popPK/poppk/az_synthetic_data/ribo/8/5/n0/temp/FND01/12,,Done,14271.188539,10010110120101110,14027.392910919434,False,False,False,13,6,1,99999999,0,243.79562818774212,,
FND01,01,/projects/qcp/QCP_MODELING/OTHER/autoPK/automatization_popPK/poppk/az_synthetic_data/ribo/8/5/n0/temp/FND01/01,,Done,32812.647720,20010110120101111,14116.139543911451,False,False,False,13,8,1,99999999,0,18696.508175921674,,
FND01,13,/projects/qcp/QCP_MODELING/OTHER/autoPK/automatization_popPK/poppk/az_synthetic_data/ribo/8/5/n0/temp/FND01/13,,Done,52197.743688,20101101122000111,14233.184210635387,False,False,False,11,8,1,99999999,0,37964.55947702199,,
FND01,17,/projects/qcp/QCP_MODELING/OTHER/autoPK/automatization_popPK/poppk/az_synthetic_data/ribo/8/5/n0/temp/FND01/17,,Done,1105764.959379,10101101102000111,14481.16314320079,False,False,False,10,6,1,99999999,0,1091283.7962357923,,
FND02,03,/projects/qcp/QCP_MODELING/OTHER/autoPK/automatization_popPK/poppk/az_synthetic_data/ribo/8/5/n0/temp/FND02/03,,Done,14564.022353,10010100120100111,14048.271565391657,False,True,True,12,6,1,6.811859060020287,0,515.750787498139,,
FND02,04,/projects/qcp/QCP_MODELING/OTHER/autoPK/automatization_popPK/poppk/az_synthetic_data/ribo/8/5/n0/temp/FND02/04,,Done,14779.973165,10010110020100111,14629.17473223699,False,True,True,11,5,1,6.581832290718042,0,150.79843251920218,,
FND02,05,/projects/qcp/QCP_MODELING/OTHER/autoPK/automatization_popPK/poppk/az_synthetic_data/ribo/8/5/n0/temp/FND02/05,,Done,605447.044567,10010110100100111,15117.233553086971,False,False,False,10,5,1,99999999,0,590329.8110138229,,
FND02,06,/projects/qcp/QCP_MODELING/OTHER/autoPK/automatization_popPK/poppk/az_synthetic_data/ribo/8/5/n0/temp/FND02/06,,Done,14218.271463,10010110120000111,14076.638054232946,False,True,True,11,6,1,6.042588268877032,0,141.63340920881132,,
FND02,09,/projects/qcp/QCP_MODELING/OTHER/autoPK/automatization_popPK/poppk/az_synthetic_data/ribo/8/5/n0/temp/FND02/09,,Done,14230.739903,10010110120100101,14085.75842350958,False,True,True,11,6,1,5.508628693426728,0,144.98147903970903,,
FND02,08,/projects/qcp/QCP_MODELING/OTHER/autoPK/automatization_popPK/poppk/az_synthetic_data/ribo/8/5/n0/temp/FND02/08,,Done,14222.243474,10010110120100011,14079.511441989449,False,True,True,11,6,1,5.82958731108084,0,142.7320321831874,,
FND02,07,/projects/qcp/QCP_MODELING/OTHER/autoPK/automatization_popPK/poppk/az_synthetic_data/ribo/8/5/n0/temp/FND02/07,,Done,60180.237171,10010110120110111,14048.428043893899,False,True,True,13,6,1,6.235461127628121,0,46131.809127439614,,
FND02,02,/projects/qcp/QCP_MODELING/OTHER/autoPK/automatization_popPK/poppk/az_synthetic_data/ribo/8/5/n0/temp/FND02/02,,Done,14287.309037,11010110120100111,14144.45521387612,False,True,True,12,6,1,7.096665258860944,0,142.85382289542744,,
FND02,14,/projects/qcp/QCP_MODELING/OTHER/autoPK/automatization_popPK/poppk/az_synthetic_data/ribo/8/5/n0/temp/FND02/14,,Done,14801.184578,10101111022000111,14685.46414765944,False,True,True,10,5,1,7.833884396314228,0,115.72043025748869,,
FND02,17,/projects/qcp/QCP_MODELING/OTHER/autoPK/automatization_popPK/poppk/az_synthetic_data/ribo/8/5/n0/temp/FND02/17,,Done,14322.513956,10101111122000011,14211.733529519526,False,True,True,10,6,1,11.165503908295385,0,110.78042623297675,,
FND02,15,/projects/qcp/QCP_MODELING/OTHER/autoPK/automatization_popPK/poppk/az_synthetic_data/ribo/8/5/n0/temp/FND02/15,,Done,86606.664008,10101111122010111,14176.227991806401,False,True,True,12,6,1,9.810759579917589,0,72430.43601569781,,
FND02,18,/projects/qcp/QCP_MODELING/OTHER/autoPK/automatization_popPK/poppk/az_synthetic_data/ribo/8/5/n0/temp/FND02/18,,Done,14418.150043,10101111122000101,14300.535403668768,False,True,True,10,6,1,5.847281450988848,0,117.61463900247168,,
FND02,13,/projects/qcp/QCP_MODELING/OTHER/autoPK/automatization_popPK/poppk/az_synthetic_data/ribo/8/5/n0/temp/FND02/13,,Done,14364.397968,11101111122000111,14253.876925878702,False,True,True,11,6,1,8.690633555815317,0,110.52104168380383,,
FND02,19,/projects/qcp/QCP_MODELING/OTHER/autoPK/automatization_popPK/poppk/az_synthetic_data/ribo/8/5/n0/temp/FND02/19,,Done,19856803.138286,10101111122000112,17707002.170413055,False,False,False,11,6,1,99999999,0,2149800.967873281,,
FND02,10,/projects/qcp/QCP_MODELING/OTHER/autoPK/automatization_popPK/poppk/az_synthetic_data/ribo/8/5/n0/temp/FND02/10,,Done,22918122.037250,10010110120100112,19313724.826621,False,False,False,12,6,1,99999999,0,3604397.21062863,,
FND02,11,/projects/qcp/QCP_MODELING/OTHER/autoPK/automatization_popPK/poppk/az_synthetic_data/ribo/8/5/n0/temp/FND02/11,,Done,14205.847704,10010110120100110,14027.092219226732,False,True,True,12,6,1,6.04506546944503,0,178.75548430629914,,
FND02,20,/projects/qcp/QCP_MODELING/OTHER/autoPK/automatization_popPK/poppk/az_synthetic_data/ribo/8/5/n0/temp/FND02/20,,Done,14301.128956,10101111122000110,14156.399119216647,False,True,True,11,6,1,9.688521688858303,0,144.72983727229203,,
FND02,16,/projects/qcp/QCP_MODELING/OTHER/autoPK/automatization_popPK/poppk/az_synthetic_data/ribo/8/5/n0/temp/FND02/16,,Done,14365.633665,10101111122001111,14176.00375270262,False,False,False,12,6,1,99999999,0,189.62991215310126,,
FND02,01,/projects/qcp/QCP_MODELING/OTHER/autoPK/automatization_popPK/poppk/az_synthetic_data/ribo/8/5/n0/temp/FND02/01,,Done,38233.458952,20010110120100111,14116.177848281237,False,False,False,12,8,1,99999999,0,24117.281103248628,,
FND02,12,/projects/qcp/QCP_MODELING/OTHER/autoPK/automatization_popPK/poppk/az_synthetic_data/ribo/8/5/n0/temp/FND02/12,,Done,41857.401026,20101111122000111,14309.56940388492,False,False,False,11,8,1,99999999,0,27547.831622584315,,
FND03,03,/projects/qcp/QCP_MODELING/OTHER/autoPK/automatization_popPK/poppk/az_synthetic_data/ribo/8/5/n0/temp/FND03/03,,Done,14843.267526,10010100120100110,14026.820897259007,False,True,True,12,6,1,7.049926899784722,0,816.4466285548863,,
FND03,04,/projects/qcp/QCP_MODELING/OTHER/autoPK/automatization_popPK/poppk/az_synthetic_data/ribo/8/5/n0/temp/FND03/04,,Done,14791.046197,10010110020100110,14613.092904519492,False,True,True,11,5,1,6.630121503166638,0,177.95329210823564,,
FND03,08,/projects/qcp/QCP_MODELING/OTHER/autoPK/automatization_popPK/poppk/az_synthetic_data/ribo/8/5/n0/temp/FND03/08,,Done,14220.722937,10010110120100010,14058.514759714433,False,True,True,11,6,1,5.841699299339502,0,162.2081776107937,,
FND03,05,/projects/qcp/QCP_MODELING/OTHER/autoPK/automatization_popPK/poppk/az_synthetic_data/ribo/8/5/n0/temp/FND03/05,,Done,817857.784904,10010110100100110,15106.724672813909,False,False,False,10,5,1,99999999,0,802751.0602311031,,
FND03,09,/projects/qcp/QCP_MODELING/OTHER/autoPK/automatization_popPK/poppk/az_synthetic_data/ribo/8/5/n0/temp/FND03/09,,Done,14225.815639,10010110120100100,14061.97325895607,False,True,True,11,6,1,5.433964246472045,0,163.84237965710622,,
FND03,07,/projects/qcp/QCP_MODELING/OTHER/autoPK/automatization_popPK/poppk/az_synthetic_data/ribo/8/5/n0/temp/FND03/07,,Done,114218.472574,10010110120110110,14026.789395628133,False,True,True,13,6,1,6.274843906225551,0,100191.68317874732,,
FND03,06,/projects/qcp/QCP_MODELING/OTHER/autoPK/automatization_popPK/poppk/az_synthetic_data/ribo/8/5/n0/temp/FND03/06,,Done,14215.971032,10010110120000110,14055.224936901277,False,True,True,11,6,1,6.058143873831489,0,160.74609545182108,,
FND03,12,/projects/qcp/QCP_MODELING/OTHER/autoPK/automatization_popPK/poppk/az_synthetic_data/ribo/8/5/n0/temp/FND03/12,,Done,14818.264725,10101111022000110,14673.51779417577,False,True,True,10,5,1,7.912089089601787,0,144.74693088476533,,
FND03,02,/projects/qcp/QCP_MODELING/OTHER/autoPK/automatization_popPK/poppk/az_synthetic_data/ribo/8/5/n0/temp/FND03/02,,Done,14285.528659,11010110120100110,14121.515853002293,False,True,True,12,6,1,6.840717481074452,0,164.0128060836593,,
FND03,16,/projects/qcp/QCP_MODELING/OTHER/autoPK/automatization_popPK/poppk/az_synthetic_data/ribo/8/5/n0/temp/FND03/16,,Done,14411.618903,10101111122000100,14270.798134813036,False,True,True,10,6,1,6.0880015278301185,0,140.82076822410752,,
FND03,14,/projects/qcp/QCP_MODELING/OTHER/autoPK/automatization_popPK/poppk/az_synthetic_data/ribo/8/5/n0/temp/FND03/14,,Done,46876.276273,10101111122010110,14156.410906024781,False,True,True,12,6,1,9.91678461009461,0,32719.8653667335,,
FND03,11,/projects/qcp/QCP_MODELING/OTHER/autoPK/automatization_popPK/poppk/az_synthetic_data/ribo/8/5/n0/temp/FND03/11,,Done,14365.488120,11101111122000110,14233.61396221519,False,True,True,11,6,1,8.8926745844454,0,131.87415786844645,,
FND03,15,/projects/qcp/QCP_MODELING/OTHER/autoPK/automatization_popPK/poppk/az_synthetic_data/ribo/8/5/n0/temp/FND03/15,,Done,14366.909117,10101111122001110,14156.492107744487,False,False,False,12,6,1,99999999,0,210.41700906002416,,
FND03,01,/projects/qcp/QCP_MODELING/OTHER/autoPK/automatization_popPK/poppk/az_synthetic_data/ribo/8/5/n0/temp/FND03/01,,Done,47528.333940,20010110120100110,14091.91271822247,False,False,False,12,8,1,99999999,0,33436.42122211773,,
FND03,10,/projects/qcp/QCP_MODELING/OTHER/autoPK/automatization_popPK/poppk/az_synthetic_data/ribo/8/5/n0/temp/FND03/10,,Done,1014515.268903,20101111122000110,14170.715281491424,False,False,False,11,8,1,99999999,0,1000344.5536217012,,
FND03,13,/projects/qcp/QCP_MODELING/OTHER/autoPK/automatization_popPK/poppk/az_synthetic_data/ribo/8/5/n0/temp/FND03/13,,Done,248922.455753,10101111102000110,15680.248253560401,False,False,False,10,6,1,99999999,0,233242.20749982446,,
FNS01,40,/projects/qcp/QCP_MODELING/OTHER/autoPK/automatization_popPK/poppk/az_synthetic_data/ribo/8/5/n0/temp/FNS01/40,,Done,1119958.957661,20000110120100111,14118.227804292786,False,False,False,12,8,1,99999999,0,1105840.7298569223,,
FNS01,07,/projects/qcp/QCP_MODELING/OTHER/autoPK/automatization_popPK/poppk/az_synthetic_data/ribo/8/5/n0/temp/FNS01/07,,Done,28937.503685,20010110100100110,15155.266977223166,False,False,False,10,7,1,99999999,0,13782.236707660395,,
FNS01,35,/projects/qcp/QCP_MODELING/OTHER/autoPK/automatization_popPK/poppk/az_synthetic_data/ribo/8/5/n0/temp/FNS01/35,,Done,847204.603585,20000110100100110,15124.525973681704,False,False,False,10,7,1,99999999,0,832080.0776112906,,
FNS01,26,/projects/qcp/QCP_MODELING/OTHER/autoPK/automatization_popPK/poppk/az_synthetic_data/ribo/8/5/n0/temp/FNS01/26,,Done,60922.971575,20110110100100110,15175.492259110548,False,False,False,10,7,1,99999999,0,45747.47931563803,,
FNS01,33,/projects/qcp/QCP_MODELING/OTHER/autoPK/automatization_popPK/poppk/az_synthetic_data/ribo/8/5/n0/temp/FNS01/33,,Done,36157.253520,20000100120100110,14091.012120720345,False,False,False,12,8,1,99999999,0,22066.241399066766,,
FNS01,06,/projects/qcp/QCP_MODELING/OTHER/autoPK/automatization_popPK/poppk/az_synthetic_data/ribo/8/5/n0/temp/FNS01/06,,Done,22865.502026,20010110020100110,14669.24194945323,False,False,False,11,7,1,99999999,0,8196.260076733037,,
FNS01,05,/projects/qcp/QCP_MODELING/OTHER/autoPK/automatization_popPK/poppk/az_synthetic_data/ribo/8/5/n0/temp/FNS01/05,,Done,55994.191793,20010100120100110,14091.099164625884,False,False,False,12,8,1,99999999,0,41903.09262794767,,
FNS01,39,/projects/qcp/QCP_MODELING/OTHER/autoPK/automatization_popPK/poppk/az_synthetic_data/ribo/8/5/n0/temp/FNS01/39,,Done,32147741.737978,20000110120100112,18145521.11623824,False,False,False,12,8,1,99999999,0,14002220.621739393,,
FNS01,32,/projects/qcp/QCP_MODELING/OTHER/autoPK/automatization_popPK/poppk/az_synthetic_data/ribo/8/5/n0/temp/FNS01/32,,Done,16827.288743,20001110120100110,14091.395983431068,False,False,False,12,8,1,99999999,0,2735.892759943585,,
FNS01,37,/projects/qcp/QCP_MODELING/OTHER/autoPK/automatization_popPK/poppk/az_synthetic_data/ribo/8/5/n0/temp/FNS01/37,,Done,62789.799720,20000110120110110,14089.198062535019,False,False,False,13,8,1,99999999,0,48700.60165787234,,
FNS01,11,/projects/qcp/QCP_MODELING/OTHER/autoPK/automatization_popPK/poppk/az_synthetic_data/ribo/8/5/n0/temp/FNS01/11,,Done,23074329.719069,20010110120100112,17847358.29809412,False,False,False,12,8,1,99999999,0,5226971.4209749885,,
FNS01,04,/projects/qcp/QCP_MODELING/OTHER/autoPK/automatization_popPK/poppk/az_synthetic_data/ribo/8/5/n0/temp/FNS01/04,,Done,16938.665388,20011110120100110,14090.756180177817,False,False,False,12,8,1,99999999,0,2847.9092078621893,,
FNS01,30,/projects/qcp/QCP_MODELING/OTHER/autoPK/automatization_popPK/poppk/az_synthetic_data/ribo/8/5/n0/temp/FNS01/30,,Done,19766709.459638,20110110120100112,13863102.480259039,False,False,False,12,8,1,99999999,0,5903606.979378465,,
FNS01,15,/projects/qcp/QCP_MODELING/OTHER/autoPK/automatization_popPK/poppk/az_synthetic_data/ribo/8/5/n0/temp/FNS01/15,,Done,79631.941402,21010100120100110,14246.39606365554,False,False,False,12,8,1,99999999,0,65385.5453385636,,
FNS01,20,/projects/qcp/QCP_MODELING/OTHER/autoPK/automatization_popPK/poppk/az_synthetic_data/ribo/8/5/n0/temp/FNS01/20,,Done,28795836.321682,21010110120100112,16795599.778613657,False,False,False,12,8,1,99999999,0,12000236.543068292,,
FNS01,17,/projects/qcp/QCP_MODELING/OTHER/autoPK/automatization_popPK/poppk/az_synthetic_data/ribo/8/5/n0/temp/FNS01/17,,Done,226208.652478,21010110100100110,15217.601976153563,False,False,False,10,7,1,99999999,0,210991.05050215797,,
FNS01,22,/projects/qcp/QCP_MODELING/OTHER/autoPK/automatization_popPK/poppk/az_synthetic_data/ribo/8/5/n0/temp/FNS01/22,,Done,36882.183802,20100110120100110,14094.095414349566,False,False,False,12,8,1,99999999,0,22788.08838770798,,
FNS01,31,/projects/qcp/QCP_MODELING/OTHER/autoPK/automatization_popPK/poppk/az_synthetic_data/ribo/8/5/n0/temp/FNS01/31,,Done,545679.512174,20110110120100111,14306.132111906141,False,False,False,12,8,1,99999999,0,531373.3800622852,,
FNS01,18,/projects/qcp/QCP_MODELING/OTHER/autoPK/automatization_popPK/poppk/az_synthetic_data/ribo/8/5/n0/temp/FNS01/18,,Done,33585.632594,21010110120000110,14279.334426843552,False,False,False,11,8,1,99999999,0,19306.29816713917,,
FNS01,08,/projects/qcp/QCP_MODELING/OTHER/autoPK/automatization_popPK/poppk/az_synthetic_data/ribo/8/5/n0/temp/FNS01/08,,Done,136033.953280,20010110120000110,14121.749324603075,False,False,False,11,8,1,99999999,0,121912.2039555161,,
FNS01,03,/projects/qcp/QCP_MODELING/OTHER/autoPK/automatization_popPK/poppk/az_synthetic_data/ribo/8/5/n0/temp/FNS01/03,,Done,63432.628018,20000110120100110,14092.394172119546,False,False,False,12,8,1,99999999,0,49340.23384634005,,
FNS01,01,/projects/qcp/QCP_MODELING/OTHER/autoPK/automatization_popPK/poppk/az_synthetic_data/ribo/8/5/n0/temp/FNS01/01,,Done,85445.063109,21010110120100110,14249.78894177631,False,False,False,12,8,1,99999999,0,71195.27416700094,,
FNS01,09,/projects/qcp/QCP_MODELING/OTHER/autoPK/automatization_popPK/poppk/az_synthetic_data/ribo/8/5/n0/temp/FNS01/09,,Done,891629.748360,20010110120110110,14091.560867105012,False,False,False,13,8,1,99999999,0,877538.1874929925,,
FNS01,21,/projects/qcp/QCP_MODELING/OTHER/autoPK/automatization_popPK/poppk/az_synthetic_data/ribo/8/5/n0/temp/FNS01/21,,Done,91718.642637,21010110120100111,15088.752897374276,False,False,False,12,8,1,99999999,0,76629.88973916322,,
FNS01,36,/projects/qcp/QCP_MODELING/OTHER/autoPK/automatization_popPK/poppk/az_synthetic_data/ribo/8/5/n0/temp/FNS01/36,,Done,699381.053865,20000110120000110,14121.26408987641,False,False,False,11,8,1,99999999,0,685259.7897751468,,
FNS01,27,/projects/qcp/QCP_MODELING/OTHER/autoPK/automatization_popPK/poppk/az_synthetic_data/ribo/8/5/n0/temp/FNS01/27,,Done,23587.552746,20110110120000110,14305.684806946974,False,False,False,11,8,1,99999999,0,9281.867939288088,,
FNS01,13,/projects/qcp/QCP_MODELING/OTHER/autoPK/automatization_popPK/poppk/az_synthetic_data/ribo/8/5/n0/temp/FNS01/13,,Done,28239.497644,21000110120100110,14080.825427473468,False,False,False,12,8,1,99999999,0,14158.672216052055,,
FNS01,34,/projects/qcp/QCP_MODELING/OTHER/autoPK/automatization_popPK/poppk/az_synthetic_data/ribo/8/5/n0/temp/FNS01/34,,Done,1039135.435852,20000110020100110,14655.01913181745,False,False,False,11,7,1,99999999,0,1024480.4167205043,,
FNS01,14,/projects/qcp/QCP_MODELING/OTHER/autoPK/automatization_popPK/poppk/az_synthetic_data/ribo/8/5/n0/temp/FNS01/14,,Done,216480.928057,21011110120100110,14250.28579305628,False,True,False,12,8,1,2443.2024731387555,0,202230.64226372584,,
FNS01,23,/projects/qcp/QCP_MODELING/OTHER/autoPK/automatization_popPK/poppk/az_synthetic_data/ribo/8/5/n0/temp/FNS01/23,,Done,14510.414636,20111110120100110,14273.839954218873,False,False,False,12,8,1,99999999,0,236.57468201225117,,
FNS01,02,/projects/qcp/QCP_MODELING/OTHER/autoPK/automatization_popPK/poppk/az_synthetic_data/ribo/8/5/n0/temp/FNS01/02,,Done,21627.352599,20110110120100110,14277.817070012283,False,False,False,12,8,1,99999999,0,7349.535528958707,,
FNS01,28,/projects/qcp/QCP_MODELING/OTHER/autoPK/automatization_popPK/poppk/az_synthetic_data/ribo/8/5/n0/temp/FNS01/28,,Done,22757.115255,20110110120110110,14272.64788501236,False,False,False,13,8,1,99999999,0,8484.467370448656,,
FNS01,12,/projects/qcp/QCP_MODELING/OTHER/autoPK/automatization_popPK/poppk/az_synthetic_data/ribo/8/5/n0/temp/FNS01/12,,Done,27663.748776,21110110120100110,14422.688172707607,False,False,False,12,8,1,99999999,0,13241.060602830014,,
FNS01,25,/projects/qcp/QCP_MODELING/OTHER/autoPK/automatization_popPK/poppk/az_synthetic_data/ribo/8/5/n0/temp/FNS01/25,,Done,50322.926477,20110110020100110,14756.264799340372,False,False,False,11,7,1,99999999,0,35566.66167785566,,
FNS01,16,/projects/qcp/QCP_MODELING/OTHER/autoPK/automatization_popPK/poppk/az_synthetic_data/ribo/8/5/n0/temp/FNS01/16,,Done,937096.468606,21010110020100110,14835.749281410232,False,False,False,11,7,1,99999999,0,922260.7193241885,,
FNS01,24,/projects/qcp/QCP_MODELING/OTHER/autoPK/automatization_popPK/poppk/az_synthetic_data/ribo/8/5/n0/temp/FNS01/24,,Done,1027135.257102,20110100120100110,14249.624973383028,False,False,False,12,8,1,99999999,0,1012885.6321282925,,
FNS01,10,/projects/qcp/QCP_MODELING/OTHER/autoPK/automatization_popPK/poppk/az_synthetic_data/ribo/8/5/n0/temp/FNS01/10,,Done,247221.417560,20010110120101110,14092.027257024396,False,False,False,13,8,1,99999999,0,233129.39030327593,,
FNS01,38,/projects/qcp/QCP_MODELING/OTHER/autoPK/automatization_popPK/poppk/az_synthetic_data/ribo/8/5/n0/temp/FNS01/38,,Done,49645.557565,20000110120101110,14089.976819215528,False,False,False,13,8,1,99999999,0,35555.58074594233,,
FNS01,43,/projects/qcp/QCP_MODELING/OTHER/autoPK/automatization_popPK/poppk/az_synthetic_data/ribo/8/5/n0/temp/FNS01/43,,Done,16531.457988,20011110100100110,15154.160540624085,False,True,True,10,7,1,6.737131503195479,0,1377.2974474807193,,
FNS01,19,/projects/qcp/QCP_MODELING/OTHER/autoPK/automatization_popPK/poppk/az_synthetic_data/ribo/8/5/n0/temp/FNS01/19,,Done,669094.815728,21010110120101110,14249.121628923267,False,False,False,13,8,1,99999999,0,654845.6940993299,,
FNS01,29,/projects/qcp/QCP_MODELING/OTHER/autoPK/automatization_popPK/poppk/az_synthetic_data/ribo/8/5/n0/temp/FNS01/29,,Done,23441.416424,20110110120101110,14274.250958039811,False,False,False,13,8,1,99999999,0,9167.16546575442,,
FNS01,68,/projects/qcp/QCP_MODELING/OTHER/autoPK/automatization_popPK/poppk/az_synthetic_data/ribo/8/5/n0/temp/FNS01/68,,Done,30418.242354,20010110100100111,15171.047877947554,False,False,False,10,7,1,99999999,0,15247.194475957553,,
FNS01,41,/projects/qcp/QCP_MODELING/OTHER/autoPK/automatization_popPK/poppk/az_synthetic_data/ribo/8/5/n0/temp/FNS01/41,,Done,15042.289767,20011100120100110,14091.080790907257,False,False,False,12,8,1,99999999,0,951.2089756886627,,
FNS01,54,/projects/qcp/QCP_MODELING/OTHER/autoPK/automatization_popPK/poppk/az_synthetic_data/ribo/8/5/n0/temp/FNS01/54,,Done,32716.648809,20010100120100111,14115.777704830822,False,False,False,12,8,1,99999999,0,18600.87110407599,,
FNS01,48,/projects/qcp/QCP_MODELING/OTHER/autoPK/automatization_popPK/poppk/az_synthetic_data/ribo/8/5/n0/temp/FNS01/48,,Done,14312.703290,20011110120100111,14116.78742596853,False,False,False,12,8,1,99999999,0,195.91586431256553,,
FNS01,42,/projects/qcp/QCP_MODELING/OTHER/autoPK/automatization_popPK/poppk/az_synthetic_data/ribo/8/5/n0/temp/FNS01/42,,Done,214992.526956,20011110020100110,14667.844084300741,False,False,False,11,7,1,99999999,0,200324.68287183653,,
FNS01,55,/projects/qcp/QCP_MODELING/OTHER/autoPK/automatization_popPK/poppk/az_synthetic_data/ribo/8/5/n0/temp/FNS01/55,,Done,26038.022218,20010111100100110,14586.561483775375,False,False,False,11,8,1,99999999,0,11451.460734473221,,
FNS01,64,/projects/qcp/QCP_MODELING/OTHER/autoPK/automatization_popPK/poppk/az_synthetic_data/ribo/8/5/n0/temp/FNS01/64,,Done,46600.198036,20010110100000110,15186.442996370592,False,False,False,9,7,1,99999999,0,31413.755039906944,,
FNS01,60,/projects/qcp/QCP_MODELING/OTHER/autoPK/automatization_popPK/poppk/az_synthetic_data/ribo/8/5/n0/temp/FNS01/60,,Done,27574.798508,20010110020100111,14689.930432334997,False,False,False,11,7,1,99999999,0,12884.868075321365,,
FNS01,49,/projects/qcp/QCP_MODELING/OTHER/autoPK/automatization_popPK/poppk/az_synthetic_data/ribo/8/5/n0/temp/FNS01/49,,Done,39119.892256,20010100020100110,14664.74066310506,False,False,False,11,7,1,99999999,0,24455.151592567934,,
FNS01,44,/projects/qcp/QCP_MODELING/OTHER/autoPK/automatization_popPK/poppk/az_synthetic_data/ribo/8/5/n0/temp/FNS01/44,,Done,33653.232151,20011110120000110,14120.664102415149,False,False,False,11,8,1,99999999,0,19532.56804853511,,
FNS01,45,/projects/qcp/QCP_MODELING/OTHER/autoPK/automatization_popPK/poppk/az_synthetic_data/ribo/8/5/n0/temp/FNS01/45,,Done,36407.944428,20011110120110110,14091.211028534264,False,False,False,13,8,1,99999999,0,22316.73339937488,,
FNS01,67,/projects/qcp/QCP_MODELING/OTHER/autoPK/automatization_popPK/poppk/az_synthetic_data/ribo/8/5/n0/temp/FNS01/67,,Done,39204507.919946,20010110100100112,29203867.623155646,False,False,False,10,7,1,99999999,0,10000640.296790529,,
FNS01,50,/projects/qcp/QCP_MODELING/OTHER/autoPK/automatization_popPK/poppk/az_synthetic_data/ribo/8/5/n0/temp/FNS01/50,,Done,21411.156708,20010100120000110,14120.361852952961,False,False,False,11,8,1,99999999,0,7290.794854900714,,
FNS01,51,/projects/qcp/QCP_MODELING/OTHER/autoPK/automatization_popPK/poppk/az_synthetic_data/ribo/8/5/n0/temp/FNS01/51,,Done,42122.796076,20010100120110110,14090.933374828579,False,False,False,13,8,1,99999999,0,28031.86270113104,,
FNS01,47,/projects/qcp/QCP_MODELING/OTHER/autoPK/automatization_popPK/poppk/az_synthetic_data/ribo/8/5/n0/temp/FNS01/47,,Done,21726050.391627,20011110120100112,16581059.010366209,False,False,False,12,8,1,99999999,0,5144991.381260794,,
FNS01,66,/projects/qcp/QCP_MODELING/OTHER/autoPK/automatization_popPK/poppk/az_synthetic_data/ribo/8/5/n0/temp/FNS01/66,,Done,41289.716565,20010110100101110,15153.785339065204,False,False,False,11,7,1,99999999,0,26135.931225504784,,
FNS01,59,/projects/qcp/QCP_MODELING/OTHER/autoPK/automatization_popPK/poppk/az_synthetic_data/ribo/8/5/n0/temp/FNS01/59,,Done,20163035.159348,20010110020100112,17615710.025531765,False,False,False,11,7,1,99999999,0,2547325.1338166352,,
FNS01,72,/projects/qcp/QCP_MODELING/OTHER/autoPK/automatization_popPK/poppk/az_synthetic_data/ribo/8/5/n0/temp/FNS01/72,,Done,911697.595182,20010110120000111,14145.178462166492,False,False,False,11,8,1,99999999,0,897552.4167198518,,
FNS01,53,/projects/qcp/QCP_MODELING/OTHER/autoPK/automatization_popPK/poppk/az_synthetic_data/ribo/8/5/n0/temp/FNS01/53,,Done,23250180.423088,20010100120100112,12249672.763393896,False,False,False,12,8,1,99999999,0,11000507.659694068,,
FNS01,56,/projects/qcp/QCP_MODELING/OTHER/autoPK/automatization_popPK/poppk/az_synthetic_data/ribo/8/5/n0/temp/FNS01/56,,Done,39416.965326,20010110020000110,14699.290374226333,False,False,False,10,7,1,99999999,0,24717.67495191538,,
FNS01,65,/projects/qcp/QCP_MODELING/OTHER/autoPK/automatization_popPK/poppk/az_synthetic_data/ribo/8/5/n0/temp/FNS01/65,,Done,75336.871594,20010110100110110,15150.233578004632,False,False,False,11,7,1,99999999,0,60186.63801625821,,
FNS01,57,/projects/qcp/QCP_MODELING/OTHER/autoPK/automatization_popPK/poppk/az_synthetic_data/ribo/8/5/n0/temp/FNS01/57,,Done,28584.680922,20010110020110110,14667.035233807534,False,False,False,12,7,1,99999999,0,13917.645688036018,,
FNS01,69,/projects/qcp/QCP_MODELING/OTHER/autoPK/automatization_popPK/poppk/az_synthetic_data/ribo/8/5/n0/temp/FNS01/69,,Done,73090.759153,20010110120010110,14119.968309544802,False,False,False,12,8,1,99999999,0,58970.790843016126,,
FNS01,75,/projects/qcp/QCP_MODELING/OTHER/autoPK/automatization_popPK/poppk/az_synthetic_data/ribo/8/5/n0/temp/FNS01/75,,Done,134508.476105,20010110120110111,14116.183344565969,False,False,False,13,8,1,99999999,0,120392.29276058849,,
FNS01,71,/projects/qcp/QCP_MODELING/OTHER/autoPK/automatization_popPK/poppk/az_synthetic_data/ribo/8/5/n0/temp/FNS01/71,,Done,28388866.542319,20010110120000112,15388418.859149098,False,False,False,11,8,1,99999999,0,13000447.683170177,,
FNS01,74,/projects/qcp/QCP_MODELING/OTHER/autoPK/automatization_popPK/poppk/az_synthetic_data/ribo/8/5/n0/temp/FNS01/74,,Done,30488465.758242,20010110120110112,17488071.73516488,False,False,False,13,8,1,99999999,0,13000394.023077006,,
FNS01,52,/projects/qcp/QCP_MODELING/OTHER/autoPK/automatization_popPK/poppk/az_synthetic_data/ribo/8/5/n0/temp/FNS01/52,,Done,18951.026724,20010100120101110,14091.085243553172,False,False,False,13,8,1,99999999,0,4859.941480695521,,
FNS01,46,/projects/qcp/QCP_MODELING/OTHER/autoPK/automatization_popPK/poppk/az_synthetic_data/ribo/8/5/n0/temp/FNS01/46,,Done,14415.079251,20011110120101110,14091.204818499355,False,False,False,13,8,1,99999999,0,323.8744329132295,,
FNS01,58,/projects/qcp/QCP_MODELING/OTHER/autoPK/automatization_popPK/poppk/az_synthetic_data/ribo/8/5/n0/temp/FNS01/58,,Done,25796.353105,20010110020101110,14669.656703650551,False,False,False,12,7,1,99999999,0,11126.696401390143,,
FNS01,62,/projects/qcp/QCP_MODELING/OTHER/autoPK/automatization_popPK/poppk/az_synthetic_data/ribo/8/5/n0/temp/FNS01/62,,Done,74265.394100,20010110102100110,14227.301235269926,False,False,False,10,7,1,99999999,0,60038.092864509985,,
FNS01,70,/projects/qcp/QCP_MODELING/OTHER/autoPK/automatization_popPK/poppk/az_synthetic_data/ribo/8/5/n0/temp/FNS01/70,,Done,53993.574047,20010110120001110,14120.513774392024,False,False,False,12,8,1,99999999,0,39873.060272864044,,
FNS01,76,/projects/qcp/QCP_MODELING/OTHER/autoPK/automatization_popPK/poppk/az_synthetic_data/ribo/8/5/n0/temp/FNS01/76,,Done,21981813.727467,20010110120101112,17795998.763122976,False,False,False,13,8,1,99999999,0,4185814.964344144,,
FNS01,63,/projects/qcp/QCP_MODELING/OTHER/autoPK/automatization_popPK/poppk/az_synthetic_data/ribo/8/5/n0/temp/FNS01/63,,Done,86352.904384,20010110101100110,14154.26993211396,False,False,False,10,7,1,99999999,0,72198.63445188211,,
FNS01,73,/projects/qcp/QCP_MODELING/OTHER/autoPK/automatization_popPK/poppk/az_synthetic_data/ribo/8/5/n0/temp/FNS01/73,,Done,95878.678326,20010110120111110,14090.874251569798,False,False,False,14,8,1,99999999,0,81787.80407406528,,
FNS01,61,/projects/qcp/QCP_MODELING/OTHER/autoPK/automatization_popPK/poppk/az_synthetic_data/ribo/8/5/n0/temp/FNS01/61,,Done,67252.668528,20010110110100110,14152.292249975226,False,False,False,11,8,1,99999999,0,53100.37627753762,,
